{"train_loss_step": 0.9848753213882446, "train_f1_step": 0.008520984090864658, "epoch": 0, "trainer/global_step": 61, "_timestamp": 1753916804.7998219, "_runtime": 101.54533576965332, "_step": 2, "val_loss": {"min": 2.710507392883301}, "val_avg_precision": {"max": 0.15674155950546265}, "val_f1": {"max": 0.03536150977015495}, "train_loss_epoch": {"min": 1.095961332321167}, "train_f1_epoch": {"max": 0.007091757841408253}, "_wandb": {"runtime": 105}}