{"train_loss_step": 0.7219215035438538, "train_f1_step": 0.12656107544898987, "epoch": 50, "trainer/global_step": 3161, "_timestamp": 1753916334.6805155, "_runtime": 3886.755814552307, "_step": 163, "val_loss": {"min": 2.0028910636901855}, "val_avg_precision": {"max": 0.25087112188339233}, "val_f1": {"max": 0.1606554090976715}, "train_loss_epoch": {"min": 0.7591444253921509}, "train_f1_epoch": {"max": 0.1116982102394104}, "test_loss": 1.5894345045089722, "test_f1": 0.1162090077996254, "test_AP": 0.2875106930732727, "test_precision": 0.06196971610188484, "test_recall": 0.931570827960968, "test_iou": 0.06168890744447708, "_wandb": {"runtime": 3887}}